﻿<?xml version="1.0" encoding="utf-8"?><toc><breadcrumbs><li><a href="fc170a12-70cf-4170-916a-0ac193705d55.htm">Docs</a></li><li><a href="06fd01f9-a57e-0699-f01d-9d02955da0be.htm">Cuenta</a></li><li><a href="bb0cea4c-2d11-8b53-71e6-3c5844a9a9ba.htm">Program</a></li></breadcrumbs><tocItems><li><a id="45c5878b-56b5-f36e-9b34-318c66c8665b" href="45c5878b-56b5-f36e-9b34-318c66c8665b.htm">Constructor</a></li><li><a id="2cdbe7a6-aa1e-a2a8-d761-72278dadced0" class="has-submenu" href="2cdbe7a6-aa1e-a2a8-d761-72278dadced0.htm"><span data-tocFile="../toc/IDBAC.xml" class="icon toggle" onclick="ToggleExpandCollapse(this); return false;"><i class="fa fa-angle-right"> </i></span>Methods</a><ul class="toc-menu is-hidden"> </ul></li></tocItems></toc>