﻿<?xml version="1.0" encoding="utf-8"?><toc><breadcrumbs><li><a href="fc170a12-70cf-4170-916a-0ac193705d55.htm">Docs</a></li><li><a href="06fd01f9-a57e-0699-f01d-9d02955da0be.htm">Cuenta</a></li><li><a href="c3b87f75-3d45-2f28-2489-20139f6d62be.htm">Program.<wbr />Cuenta</a></li><li><a href="2cf3315f-fa92-c18f-5690-eb81fc4c7cdb.htm">Properties</a></li></breadcrumbs><tocItems><li><a id="bb739151-1ad6-a8cc-8da7-07ba367000d9" href="bb739151-1ad6-a8cc-8da7-07ba367000d9.htm">Consultar<wbr />Saldo</a></li><li><a id="8801e920-65e2-7b07-bcf4-3a35ea6e0bea" href="8801e920-65e2-7b07-bcf4-3a35ea6e0bea.htm">Saldo</a></li></tocItems></toc>