﻿<?xml version="1.0" encoding="utf-8"?><toc><breadcrumbs><li><a href="fc170a12-70cf-4170-916a-0ac193705d55.htm">Docs</a></li><li><a href="06fd01f9-a57e-0699-f01d-9d02955da0be.htm">Cuenta</a></li><li><a href="c3b87f75-3d45-2f28-2489-20139f6d62be.htm">Program.<wbr />Cuenta</a></li></breadcrumbs><tocItems><li><a id="e2a7a55f-d089-b56c-e16f-a27b63a0e49e" href="e2a7a55f-d089-b56c-e16f-a27b63a0e49e.htm">Constructor</a></li><li><a id="2cf3315f-fa92-c18f-5690-eb81fc4c7cdb" class="has-submenu" href="2cf3315f-fa92-c18f-5690-eb81fc4c7cdb.htm"><span data-tocFile="../toc/IDBBC.xml" class="icon toggle" onclick="ToggleExpandCollapse(this); return false;"><i class="fa fa-angle-right"> </i></span>Properties</a><ul class="toc-menu is-hidden"> </ul></li><li><a id="2870ec66-5554-7db5-ed0a-06daf459fa62" class="has-submenu" href="2870ec66-5554-7db5-ed0a-06daf459fa62.htm"><span data-tocFile="../toc/IDCBC.xml" class="icon toggle" onclick="ToggleExpandCollapse(this); return false;"><i class="fa fa-angle-right"> </i></span>Methods</a><ul class="toc-menu is-hidden"> </ul></li></tocItems></toc>