﻿<?xml version="1.0" encoding="utf-8"?><toc><breadcrumbs><li><a href="fc170a12-70cf-4170-916a-0ac193705d55.htm">Docs</a></li><li><a href="06fd01f9-a57e-0699-f01d-9d02955da0be.htm">Cuenta</a></li></breadcrumbs><tocItems><li><a id="bb0cea4c-2d11-8b53-71e6-3c5844a9a9ba" class="has-submenu" href="bb0cea4c-2d11-8b53-71e6-3c5844a9a9ba.htm"><span data-tocFile="../toc/IDAC.xml" class="icon toggle" onclick="ToggleExpandCollapse(this); return false;"><i class="fa fa-angle-right"> </i></span>Program</a><ul class="toc-menu is-hidden"> </ul></li><li><a id="c3b87f75-3d45-2f28-2489-20139f6d62be" class="has-submenu" href="c3b87f75-3d45-2f28-2489-20139f6d62be.htm"><span data-tocFile="../toc/IDBC.xml" class="icon toggle" onclick="ToggleExpandCollapse(this); return false;"><i class="fa fa-angle-right"> </i></span>Program.<wbr />Cuenta</a><ul class="toc-menu is-hidden"> </ul></li></tocItems></toc>