﻿<?xml version="1.0" encoding="utf-8"?><toc><breadcrumbs><li><a href="fc170a12-70cf-4170-916a-0ac193705d55.htm">Docs</a></li><li><a href="06fd01f9-a57e-0699-f01d-9d02955da0be.htm">Cuenta</a></li><li><a href="c3b87f75-3d45-2f28-2489-20139f6d62be.htm">Program.<wbr />Cuenta</a></li><li><a href="2870ec66-5554-7db5-ed0a-06daf459fa62.htm">Methods</a></li></breadcrumbs><tocItems><li><a id="f9ca0145-a01e-737f-ddfe-55611cf4f936" href="f9ca0145-a01e-737f-ddfe-55611cf4f936.htm">Insertar<wbr />Saldo</a></li><li><a id="b9785ea5-b6c0-95fc-6ad1-904e556b06b9" href="b9785ea5-b6c0-95fc-6ad1-904e556b06b9.htm">Retirar<wbr />Saldo</a></li></tocItems></toc>