﻿<?xml version="1.0" encoding="utf-8"?><toc><breadcrumbs><li><a href="fc170a12-70cf-4170-916a-0ac193705d55.htm">Docs</a></li></breadcrumbs><tocItems><li><a id="fc170a12-70cf-4170-916a-0ac193705d55" href="fc170a12-70cf-4170-916a-0ac193705d55.htm">Welcome to the [TODO: Add project name]</a></li><li><a id="334d1fd8-7e7b-463e-9ef2-f3e05d25d371" class="has-submenu" href="334d1fd8-7e7b-463e-9ef2-f3e05d25d371.htm"><span data-tocFile="../toc/IDB.xml" class="icon toggle" onclick="ToggleExpandCollapse(this); return false;"><i class="fa fa-angle-right"> </i></span>Version History</a><ul class="toc-menu is-hidden"> </ul></li><li><a id="06fd01f9-a57e-0699-f01d-9d02955da0be" class="has-submenu" href="06fd01f9-a57e-0699-f01d-9d02955da0be.htm"><span data-tocFile="../toc/IDC.xml" class="icon toggle" onclick="ToggleExpandCollapse(this); return false;"><i class="fa fa-angle-right"> </i></span>Cuenta</a><ul class="toc-menu is-hidden"> </ul></li></tocItems></toc>