﻿<?xml version="1.0" encoding="utf-8"?>
<metadata>
  <topic id="fc170a12-70cf-4170-916a-0ac193705d55" revisionNumber="1">
    <item id="PBM_FileVersion">1.0.0.0</item>
    <title>Welcome to the [TODO: Add project name]</title>
    <keyword index="K">Welcome</keyword>
  </topic>
  <topic id="334d1fd8-7e7b-463e-9ef2-f3e05d25d371" revisionNumber="1">
    <item id="PBM_FileVersion">1.0.0.0</item>
    <title>Version History</title>
    <keyword index="K">version, history</keyword>
  </topic>
  <topic id="2f8e9fd4-92ca-4fac-bd65-40fa31d47aa1" revisionNumber="1">
    <item id="PBM_FileVersion">1.0.0.0</item>
    <title>Version 1.0.0.0</title>
    <keyword index="K">version, 1.0.0.0</keyword>
  </topic>
</metadata>