﻿<?xml version="1.0" encoding="utf-8"?>
<reflection>
  <assemblies>
    <assembly name="Cuenta">
      <assemblydata version="1.0.0.0" culture="" key="" hash="SHA1" />
      <attributes>
        <attribute>
          <type api="T:System.Reflection.AssemblyCompanyAttribute" ref="true" />
          <argument>
            <type api="T:System.String" ref="true" />
            <value>Cuenta</value>
          </argument>
        </attribute>
        <attribute>
          <type api="T:System.Reflection.AssemblyConfigurationAttribute" ref="true" />
          <argument>
            <type api="T:System.String" ref="true" />
            <value>Debug</value>
          </argument>
        </attribute>
        <attribute>
          <type api="T:System.Reflection.AssemblyFileVersionAttribute" ref="true" />
          <argument>
            <type api="T:System.String" ref="true" />
            <value>1.0.0.0</value>
          </argument>
        </attribute>
        <attribute>
          <type api="T:System.Reflection.AssemblyInformationalVersionAttribute" ref="true" />
          <argument>
            <type api="T:System.String" ref="true" />
            <value>1.0.0</value>
          </argument>
        </attribute>
        <attribute>
          <type api="T:System.Reflection.AssemblyProductAttribute" ref="true" />
          <argument>
            <type api="T:System.String" ref="true" />
            <value>Cuenta</value>
          </argument>
        </attribute>
        <attribute>
          <type api="T:System.Reflection.AssemblyTitleAttribute" ref="true" />
          <argument>
            <type api="T:System.String" ref="true" />
            <value>Cuenta</value>
          </argument>
        </attribute>
      </attributes>
    </assembly>
  </assemblies>
  <apis>
    <api id="N:Cuenta">
      <topicdata group="api" />
      <apidata name="Cuenta" group="namespace" />
      <elements>
        <element api="T:Cuenta.Program" />
        <element api="T:Cuenta.Program.Cuenta" />
      </elements>
      <file name="06fd01f9-a57e-0699-f01d-9d02955da0be" />
    </api>
    <api id="T:Cuenta.Program">
      <topicdata group="api" />
      <apidata name="Program" group="type" subgroup="class" />
      <typedata visibility="assembly" serializable="false" defaultConstructor="M:Cuenta.Program.#ctor" />
      <family>
        <ancestors>
          <type api="T:System.Object" ref="true" />
        </ancestors>
      </family>
      <elements>
        <element api="M:Cuenta.Program.#ctor" />
        <element api="M:Cuenta.Program.Main(System.String[])" />
        <element api="M:System.Object.Equals(System.Object)">
          <apidata name="Equals" group="member" subgroup="method" />
          <memberdata visibility="public" />
          <proceduredata virtual="true" />
          <parameters>
            <parameter name="obj">
              <type nullable="true" api="T:System.Object" ref="true" />
            </parameter>
          </parameters>
          <returns>
            <type api="T:System.Boolean" ref="false" />
          </returns>
          <containers>
            <library assembly="System.Runtime" module="System.Runtime" kind="DynamicallyLinkedLibrary" />
            <namespace api="N:System" />
            <type api="T:System.Object" ref="true" />
          </containers>
        </element>
        <element api="M:System.Object.Finalize">
          <apidata name="Finalize" group="member" subgroup="method" />
          <memberdata visibility="family" />
          <proceduredata virtual="true" />
          <containers>
            <library assembly="System.Runtime" module="System.Runtime" kind="DynamicallyLinkedLibrary" />
            <namespace api="N:System" />
            <type api="T:System.Object" ref="true" />
          </containers>
        </element>
        <element api="M:System.Object.GetHashCode">
          <apidata name="GetHashCode" group="member" subgroup="method" />
          <memberdata visibility="public" />
          <proceduredata virtual="true" />
          <returns>
            <type api="T:System.Int32" ref="false" />
          </returns>
          <containers>
            <library assembly="System.Runtime" module="System.Runtime" kind="DynamicallyLinkedLibrary" />
            <namespace api="N:System" />
            <type api="T:System.Object" ref="true" />
          </containers>
        </element>
        <element api="M:System.Object.GetType">
          <apidata name="GetType" group="member" subgroup="method" />
          <memberdata visibility="public" />
          <proceduredata virtual="false" />
          <returns>
            <type api="T:System.Type" ref="true" />
          </returns>
          <containers>
            <library assembly="System.Runtime" module="System.Runtime" kind="DynamicallyLinkedLibrary" />
            <namespace api="N:System" />
            <type api="T:System.Object" ref="true" />
          </containers>
        </element>
        <element api="M:System.Object.MemberwiseClone">
          <apidata name="MemberwiseClone" group="member" subgroup="method" />
          <memberdata visibility="family" />
          <proceduredata virtual="false" />
          <returns>
            <type api="T:System.Object" ref="true" />
          </returns>
          <containers>
            <library assembly="System.Runtime" module="System.Runtime" kind="DynamicallyLinkedLibrary" />
            <namespace api="N:System" />
            <type api="T:System.Object" ref="true" />
          </containers>
        </element>
        <element api="M:System.Object.ToString">
          <apidata name="ToString" group="member" subgroup="method" />
          <memberdata visibility="public" />
          <proceduredata virtual="true" />
          <returns>
            <type nullable="true" api="T:System.String" ref="true" />
          </returns>
          <containers>
            <library assembly="System.Runtime" module="System.Runtime" kind="DynamicallyLinkedLibrary" />
            <namespace api="N:System" />
            <type api="T:System.Object" ref="true" />
          </containers>
        </element>
      </elements>
      <containers>
        <library assembly="Cuenta" module="Cuenta" kind="ConsoleApplication">
          <assemblydata version="1.0.0" />
        </library>
        <namespace api="N:Cuenta" />
      </containers>
      <file name="bb0cea4c-2d11-8b53-71e6-3c5844a9a9ba" />
    </api>
    <api id="Methods.T:Cuenta.Program">
      <topicdata name="Program" group="list" subgroup="Methods" typeTopicId="T:Cuenta.Program" />
      <apidata name="Program" group="type" subgroup="class" />
      <typedata visibility="assembly" serializable="false" defaultConstructor="M:Cuenta.Program.#ctor" />
      <elements>
        <element api="M:Cuenta.Program.Main(System.String[])" />
        <element api="M:System.Object.Equals(System.Object)">
          <apidata name="Equals" group="member" subgroup="method" />
          <memberdata visibility="public" />
          <proceduredata virtual="true" />
          <parameters>
            <parameter name="obj">
              <type nullable="true" api="T:System.Object" ref="true" />
            </parameter>
          </parameters>
          <returns>
            <type api="T:System.Boolean" ref="false" />
          </returns>
          <containers>
            <library assembly="System.Runtime" module="System.Runtime" kind="DynamicallyLinkedLibrary" />
            <namespace api="N:System" />
            <type api="T:System.Object" ref="true" />
          </containers>
        </element>
        <element api="M:System.Object.Finalize">
          <apidata name="Finalize" group="member" subgroup="method" />
          <memberdata visibility="family" />
          <proceduredata virtual="true" />
          <containers>
            <library assembly="System.Runtime" module="System.Runtime" kind="DynamicallyLinkedLibrary" />
            <namespace api="N:System" />
            <type api="T:System.Object" ref="true" />
          </containers>
        </element>
        <element api="M:System.Object.GetHashCode">
          <apidata name="GetHashCode" group="member" subgroup="method" />
          <memberdata visibility="public" />
          <proceduredata virtual="true" />
          <returns>
            <type api="T:System.Int32" ref="false" />
          </returns>
          <containers>
            <library assembly="System.Runtime" module="System.Runtime" kind="DynamicallyLinkedLibrary" />
            <namespace api="N:System" />
            <type api="T:System.Object" ref="true" />
          </containers>
        </element>
        <element api="M:System.Object.GetType">
          <apidata name="GetType" group="member" subgroup="method" />
          <memberdata visibility="public" />
          <proceduredata virtual="false" />
          <returns>
            <type api="T:System.Type" ref="true" />
          </returns>
          <containers>
            <library assembly="System.Runtime" module="System.Runtime" kind="DynamicallyLinkedLibrary" />
            <namespace api="N:System" />
            <type api="T:System.Object" ref="true" />
          </containers>
        </element>
        <element api="M:System.Object.MemberwiseClone">
          <apidata name="MemberwiseClone" group="member" subgroup="method" />
          <memberdata visibility="family" />
          <proceduredata virtual="false" />
          <returns>
            <type api="T:System.Object" ref="true" />
          </returns>
          <containers>
            <library assembly="System.Runtime" module="System.Runtime" kind="DynamicallyLinkedLibrary" />
            <namespace api="N:System" />
            <type api="T:System.Object" ref="true" />
          </containers>
        </element>
        <element api="M:System.Object.ToString">
          <apidata name="ToString" group="member" subgroup="method" />
          <memberdata visibility="public" />
          <proceduredata virtual="true" />
          <returns>
            <type nullable="true" api="T:System.String" ref="true" />
          </returns>
          <containers>
            <library assembly="System.Runtime" module="System.Runtime" kind="DynamicallyLinkedLibrary" />
            <namespace api="N:System" />
            <type api="T:System.Object" ref="true" />
          </containers>
        </element>
      </elements>
      <containers>
        <library assembly="Cuenta" module="Cuenta" kind="ConsoleApplication">
          <assemblydata version="1.0.0" />
        </library>
        <namespace api="N:Cuenta" />
        <type api="T:Cuenta.Program" />
      </containers>
      <file name="2cdbe7a6-aa1e-a2a8-d761-72278dadced0" />
    </api>
    <api id="M:Cuenta.Program.#ctor">
      <topicdata group="api" />
      <apidata name=".ctor" group="member" subgroup="constructor" />
      <memberdata visibility="public" special="true" />
      <containers>
        <library assembly="Cuenta" module="Cuenta" kind="ConsoleApplication">
          <assemblydata version="1.0.0" />
          <noAptca />
        </library>
        <namespace api="N:Cuenta" />
        <type api="T:Cuenta.Program" ref="true" />
      </containers>
      <file name="45c5878b-56b5-f36e-9b34-318c66c8665b" />
    </api>
    <api id="M:Cuenta.Program.Main(System.String[])">
      <topicdata group="api" />
      <apidata name="Main" group="member" subgroup="method" />
      <memberdata visibility="private" static="true" />
      <proceduredata virtual="false" />
      <parameters>
        <parameter name="args">
          <arrayOf rank="1">
            <type api="T:System.String" ref="true" />
          </arrayOf>
        </parameter>
      </parameters>
      <containers>
        <library assembly="Cuenta" module="Cuenta" kind="ConsoleApplication">
          <assemblydata version="1.0.0" />
          <noAptca />
        </library>
        <namespace api="N:Cuenta" />
        <type api="T:Cuenta.Program" ref="true" />
      </containers>
      <file name="0b98bec3-9279-eb07-dab3-6923c4ac2378" />
    </api>
    <api id="T:Cuenta.Program.Cuenta">
      <topicdata group="api" />
      <apidata name="Cuenta" group="type" subgroup="class" />
      <typedata visibility="public" serializable="false" defaultConstructor="M:Cuenta.Program.Cuenta.#ctor" />
      <family>
        <ancestors>
          <type api="T:System.Object" ref="true" />
        </ancestors>
      </family>
      <elements>
        <element api="M:Cuenta.Program.Cuenta.#ctor" />
        <element api="M:Cuenta.Program.Cuenta.InsertarSaldo(System.Double)" />
        <element api="M:Cuenta.Program.Cuenta.RetirarSaldo(System.Double)" />
        <element api="M:System.Object.Equals(System.Object)">
          <apidata name="Equals" group="member" subgroup="method" />
          <memberdata visibility="public" />
          <proceduredata virtual="true" />
          <parameters>
            <parameter name="obj">
              <type nullable="true" api="T:System.Object" ref="true" />
            </parameter>
          </parameters>
          <returns>
            <type api="T:System.Boolean" ref="false" />
          </returns>
          <containers>
            <library assembly="System.Runtime" module="System.Runtime" kind="DynamicallyLinkedLibrary" />
            <namespace api="N:System" />
            <type api="T:System.Object" ref="true" />
          </containers>
        </element>
        <element api="M:System.Object.Finalize">
          <apidata name="Finalize" group="member" subgroup="method" />
          <memberdata visibility="family" />
          <proceduredata virtual="true" />
          <containers>
            <library assembly="System.Runtime" module="System.Runtime" kind="DynamicallyLinkedLibrary" />
            <namespace api="N:System" />
            <type api="T:System.Object" ref="true" />
          </containers>
        </element>
        <element api="M:System.Object.GetHashCode">
          <apidata name="GetHashCode" group="member" subgroup="method" />
          <memberdata visibility="public" />
          <proceduredata virtual="true" />
          <returns>
            <type api="T:System.Int32" ref="false" />
          </returns>
          <containers>
            <library assembly="System.Runtime" module="System.Runtime" kind="DynamicallyLinkedLibrary" />
            <namespace api="N:System" />
            <type api="T:System.Object" ref="true" />
          </containers>
        </element>
        <element api="M:System.Object.GetType">
          <apidata name="GetType" group="member" subgroup="method" />
          <memberdata visibility="public" />
          <proceduredata virtual="false" />
          <returns>
            <type api="T:System.Type" ref="true" />
          </returns>
          <containers>
            <library assembly="System.Runtime" module="System.Runtime" kind="DynamicallyLinkedLibrary" />
            <namespace api="N:System" />
            <type api="T:System.Object" ref="true" />
          </containers>
        </element>
        <element api="M:System.Object.MemberwiseClone">
          <apidata name="MemberwiseClone" group="member" subgroup="method" />
          <memberdata visibility="family" />
          <proceduredata virtual="false" />
          <returns>
            <type api="T:System.Object" ref="true" />
          </returns>
          <containers>
            <library assembly="System.Runtime" module="System.Runtime" kind="DynamicallyLinkedLibrary" />
            <namespace api="N:System" />
            <type api="T:System.Object" ref="true" />
          </containers>
        </element>
        <element api="M:System.Object.ToString">
          <apidata name="ToString" group="member" subgroup="method" />
          <memberdata visibility="public" />
          <proceduredata virtual="true" />
          <returns>
            <type nullable="true" api="T:System.String" ref="true" />
          </returns>
          <containers>
            <library assembly="System.Runtime" module="System.Runtime" kind="DynamicallyLinkedLibrary" />
            <namespace api="N:System" />
            <type api="T:System.Object" ref="true" />
          </containers>
        </element>
        <element api="P:Cuenta.Program.Cuenta.ConsultarSaldo" />
        <element api="P:Cuenta.Program.Cuenta.Saldo" />
      </elements>
      <containers>
        <library assembly="Cuenta" module="Cuenta" kind="ConsoleApplication">
          <assemblydata version="1.0.0" />
        </library>
        <namespace api="N:Cuenta" />
        <type api="T:Cuenta.Program" ref="true" />
      </containers>
      <file name="c3b87f75-3d45-2f28-2489-20139f6d62be" />
    </api>
    <api id="Methods.T:Cuenta.Program.Cuenta">
      <topicdata name="Cuenta" group="list" subgroup="Methods" typeTopicId="T:Cuenta.Program.Cuenta" />
      <apidata name="Cuenta" group="type" subgroup="class" />
      <typedata visibility="public" serializable="false" defaultConstructor="M:Cuenta.Program.Cuenta.#ctor" />
      <elements>
        <element api="M:Cuenta.Program.Cuenta.InsertarSaldo(System.Double)" />
        <element api="M:Cuenta.Program.Cuenta.RetirarSaldo(System.Double)" />
        <element api="M:System.Object.Equals(System.Object)">
          <apidata name="Equals" group="member" subgroup="method" />
          <memberdata visibility="public" />
          <proceduredata virtual="true" />
          <parameters>
            <parameter name="obj">
              <type nullable="true" api="T:System.Object" ref="true" />
            </parameter>
          </parameters>
          <returns>
            <type api="T:System.Boolean" ref="false" />
          </returns>
          <containers>
            <library assembly="System.Runtime" module="System.Runtime" kind="DynamicallyLinkedLibrary" />
            <namespace api="N:System" />
            <type api="T:System.Object" ref="true" />
          </containers>
        </element>
        <element api="M:System.Object.Finalize">
          <apidata name="Finalize" group="member" subgroup="method" />
          <memberdata visibility="family" />
          <proceduredata virtual="true" />
          <containers>
            <library assembly="System.Runtime" module="System.Runtime" kind="DynamicallyLinkedLibrary" />
            <namespace api="N:System" />
            <type api="T:System.Object" ref="true" />
          </containers>
        </element>
        <element api="M:System.Object.GetHashCode">
          <apidata name="GetHashCode" group="member" subgroup="method" />
          <memberdata visibility="public" />
          <proceduredata virtual="true" />
          <returns>
            <type api="T:System.Int32" ref="false" />
          </returns>
          <containers>
            <library assembly="System.Runtime" module="System.Runtime" kind="DynamicallyLinkedLibrary" />
            <namespace api="N:System" />
            <type api="T:System.Object" ref="true" />
          </containers>
        </element>
        <element api="M:System.Object.GetType">
          <apidata name="GetType" group="member" subgroup="method" />
          <memberdata visibility="public" />
          <proceduredata virtual="false" />
          <returns>
            <type api="T:System.Type" ref="true" />
          </returns>
          <containers>
            <library assembly="System.Runtime" module="System.Runtime" kind="DynamicallyLinkedLibrary" />
            <namespace api="N:System" />
            <type api="T:System.Object" ref="true" />
          </containers>
        </element>
        <element api="M:System.Object.MemberwiseClone">
          <apidata name="MemberwiseClone" group="member" subgroup="method" />
          <memberdata visibility="family" />
          <proceduredata virtual="false" />
          <returns>
            <type api="T:System.Object" ref="true" />
          </returns>
          <containers>
            <library assembly="System.Runtime" module="System.Runtime" kind="DynamicallyLinkedLibrary" />
            <namespace api="N:System" />
            <type api="T:System.Object" ref="true" />
          </containers>
        </element>
        <element api="M:System.Object.ToString">
          <apidata name="ToString" group="member" subgroup="method" />
          <memberdata visibility="public" />
          <proceduredata virtual="true" />
          <returns>
            <type nullable="true" api="T:System.String" ref="true" />
          </returns>
          <containers>
            <library assembly="System.Runtime" module="System.Runtime" kind="DynamicallyLinkedLibrary" />
            <namespace api="N:System" />
            <type api="T:System.Object" ref="true" />
          </containers>
        </element>
      </elements>
      <containers>
        <library assembly="Cuenta" module="Cuenta" kind="ConsoleApplication">
          <assemblydata version="1.0.0" />
        </library>
        <namespace api="N:Cuenta" />
        <type api="T:Cuenta.Program.Cuenta" />
      </containers>
      <file name="2870ec66-5554-7db5-ed0a-06daf459fa62" />
    </api>
    <api id="Properties.T:Cuenta.Program.Cuenta">
      <topicdata name="Cuenta" group="list" subgroup="Properties" typeTopicId="T:Cuenta.Program.Cuenta" />
      <apidata name="Cuenta" group="type" subgroup="class" />
      <typedata visibility="public" serializable="false" defaultConstructor="M:Cuenta.Program.Cuenta.#ctor" />
      <elements>
        <element api="P:Cuenta.Program.Cuenta.ConsultarSaldo" />
        <element api="P:Cuenta.Program.Cuenta.Saldo" />
      </elements>
      <containers>
        <library assembly="Cuenta" module="Cuenta" kind="ConsoleApplication">
          <assemblydata version="1.0.0" />
        </library>
        <namespace api="N:Cuenta" />
        <type api="T:Cuenta.Program.Cuenta" />
      </containers>
      <file name="2cf3315f-fa92-c18f-5690-eb81fc4c7cdb" />
    </api>
    <api id="M:Cuenta.Program.Cuenta.#ctor">
      <topicdata group="api" />
      <apidata name=".ctor" group="member" subgroup="constructor" />
      <memberdata visibility="public" special="true" />
      <containers>
        <library assembly="Cuenta" module="Cuenta" kind="ConsoleApplication">
          <assemblydata version="1.0.0" />
          <noAptca />
        </library>
        <namespace api="N:Cuenta" />
        <type api="T:Cuenta.Program.Cuenta" ref="true">
          <type api="T:Cuenta.Program" ref="true" />
        </type>
      </containers>
      <file name="e2a7a55f-d089-b56c-e16f-a27b63a0e49e" />
    </api>
    <api id="P:Cuenta.Program.Cuenta.ConsultarSaldo">
      <topicdata group="api" />
      <apidata name="ConsultarSaldo" group="member" subgroup="property" />
      <memberdata visibility="public" />
      <proceduredata virtual="false" />
      <propertydata get="true" />
      <getter name="get_ConsultarSaldo" />
      <returns>
        <type api="T:System.Double" ref="false" />
      </returns>
      <containers>
        <library assembly="Cuenta" module="Cuenta" kind="ConsoleApplication">
          <assemblydata version="1.0.0" />
          <noAptca />
        </library>
        <namespace api="N:Cuenta" />
        <type api="T:Cuenta.Program.Cuenta" ref="true">
          <type api="T:Cuenta.Program" ref="true" />
        </type>
      </containers>
      <file name="bb739151-1ad6-a8cc-8da7-07ba367000d9" />
    </api>
    <api id="M:Cuenta.Program.Cuenta.InsertarSaldo(System.Double)">
      <topicdata group="api" />
      <apidata name="InsertarSaldo" group="member" subgroup="method" />
      <memberdata visibility="public" />
      <proceduredata virtual="false" />
      <parameters>
        <parameter name="cantidad">
          <type api="T:System.Double" ref="false" />
        </parameter>
      </parameters>
      <containers>
        <library assembly="Cuenta" module="Cuenta" kind="ConsoleApplication">
          <assemblydata version="1.0.0" />
          <noAptca />
        </library>
        <namespace api="N:Cuenta" />
        <type api="T:Cuenta.Program.Cuenta" ref="true">
          <type api="T:Cuenta.Program" ref="true" />
        </type>
      </containers>
      <file name="f9ca0145-a01e-737f-ddfe-55611cf4f936" />
    </api>
    <api id="M:Cuenta.Program.Cuenta.RetirarSaldo(System.Double)">
      <topicdata group="api" />
      <apidata name="RetirarSaldo" group="member" subgroup="method" />
      <memberdata visibility="public" />
      <proceduredata virtual="false" />
      <parameters>
        <parameter name="cantidad">
          <type api="T:System.Double" ref="false" />
        </parameter>
      </parameters>
      <containers>
        <library assembly="Cuenta" module="Cuenta" kind="ConsoleApplication">
          <assemblydata version="1.0.0" />
          <noAptca />
        </library>
        <namespace api="N:Cuenta" />
        <type api="T:Cuenta.Program.Cuenta" ref="true">
          <type api="T:Cuenta.Program" ref="true" />
        </type>
      </containers>
      <file name="b9785ea5-b6c0-95fc-6ad1-904e556b06b9" />
    </api>
    <api id="P:Cuenta.Program.Cuenta.Saldo">
      <topicdata group="api" />
      <apidata name="Saldo" group="member" subgroup="property" />
      <memberdata visibility="private" />
      <proceduredata virtual="false" />
      <propertydata get="true" set="true" />
      <getter name="get_Saldo" />
      <setter name="set_Saldo" />
      <returns>
        <type api="T:System.Double" ref="false" />
      </returns>
      <containers>
        <library assembly="Cuenta" module="Cuenta" kind="ConsoleApplication">
          <assemblydata version="1.0.0" />
          <noAptca />
        </library>
        <namespace api="N:Cuenta" />
        <type api="T:Cuenta.Program.Cuenta" ref="true">
          <type api="T:Cuenta.Program" ref="true" />
        </type>
      </containers>
      <file name="8801e920-65e2-7b07-bcf4-3a35ea6e0bea" />
    </api>
  </apis>
</reflection>