﻿<?xml version="1.0" encoding="utf-8"?><toc><breadcrumbs><li><a href="21989786-6d71-41ac-9983-ef27414496a3.htm">Docs</a></li><li><a href="83c28545-fafb-a65a-8cc5-eea6e06b50fc.htm">Avion</a></li><li><a href="42e7841b-16c9-7e47-6f6b-601fcbf33a0e.htm">Program</a></li></breadcrumbs><tocItems><li><a id="db79d4a8-6eea-9c7f-cc8c-0150179c7caf" href="db79d4a8-6eea-9c7f-cc8c-0150179c7caf.htm">Constructor</a></li><li><a id="fd2fe17e-7f32-c4f5-1daf-3b95c7ae11fd" class="has-submenu" href="fd2fe17e-7f32-c4f5-1daf-3b95c7ae11fd.htm"><span data-tocFile="../toc/IDBAC.xml" class="icon toggle" onclick="ToggleExpandCollapse(this); return false;"><i class="fa fa-angle-right"> </i></span>Métodos</a><ul class="toc-menu is-hidden"> </ul></li></tocItems></toc>