﻿<?xml version="1.0" encoding="utf-8"?><toc><breadcrumbs><li><a href="21989786-6d71-41ac-9983-ef27414496a3.htm">Docs</a></li><li><a href="83c28545-fafb-a65a-8cc5-eea6e06b50fc.htm">Avion</a></li><li><a href="4128ec5f-20d9-145b-6d72-be135c901f22.htm">Program.<wbr />Avion</a></li><li><a href="485e0318-b6c3-d418-6b7b-cb09fb42d3af.htm">Métodos</a></li></breadcrumbs><tocItems><li><a id="bee9cf4a-811f-a83c-efa4-6a8fddf2092f" href="bee9cf4a-811f-a83c-efa4-6a8fddf2092f.htm">Ascender</a></li><li><a id="bf622168-32f4-9ae5-ab1f-e4a3666f7c90" href="bf622168-32f4-9ae5-ab1f-e4a3666f7c90.htm">Consumir<wbr />Fuel</a></li><li><a id="d36b2be7-1ee8-e81d-73bb-51bcd063b7c7" href="d36b2be7-1ee8-e81d-73bb-51bcd063b7c7.htm">Descender</a></li><li><a id="425434fb-e439-6115-b735-e6b8a0680c22" href="425434fb-e439-6115-b735-e6b8a0680c22.htm">Get<wbr />Altura</a></li><li><a id="081b3647-9e46-b2a9-3eb6-05a657f118f0" href="081b3647-9e46-b2a9-3eb6-05a657f118f0.htm">Get<wbr />Combustible</a></li><li><a id="8c9959e2-0ee9-2315-3e8c-f92f737fca7c" href="8c9959e2-0ee9-2315-3e8c-f92f737fca7c.htm">Get<wbr />Orientacion</a></li><li><a id="8126912a-aa8e-e2bc-8083-56b3e5903e03" href="8126912a-aa8e-e2bc-8083-56b3e5903e03.htm">Virar</a></li></tocItems></toc>