﻿<?xml version="1.0" encoding="utf-8"?><toc><breadcrumbs><li><a href="21989786-6d71-41ac-9983-ef27414496a3.htm">Docs</a></li><li><a href="83c28545-fafb-a65a-8cc5-eea6e06b50fc.htm">Avion</a></li><li><a href="4128ec5f-20d9-145b-6d72-be135c901f22.htm">Program.<wbr />Avion</a></li></breadcrumbs><tocItems><li><a id="d28b9ae3-4f93-f4a8-554b-022ea16555e7" href="d28b9ae3-4f93-f4a8-554b-022ea16555e7.htm">Constructor</a></li><li><a id="485e0318-b6c3-d418-6b7b-cb09fb42d3af" class="has-submenu" href="485e0318-b6c3-d418-6b7b-cb09fb42d3af.htm"><span data-tocFile="../toc/IDBBC.xml" class="icon toggle" onclick="ToggleExpandCollapse(this); return false;"><i class="fa fa-angle-right"> </i></span>Métodos</a><ul class="toc-menu is-hidden"> </ul></li><li><a id="e2f77649-23c2-46ba-c8c2-4b48e554b7ad" class="has-submenu" href="e2f77649-23c2-46ba-c8c2-4b48e554b7ad.htm"><span data-tocFile="../toc/IDCBC.xml" class="icon toggle" onclick="ToggleExpandCollapse(this); return false;"><i class="fa fa-angle-right"> </i></span>Campos</a><ul class="toc-menu is-hidden"> </ul></li></tocItems></toc>