﻿<?xml version="1.0" encoding="utf-8"?><toc><breadcrumbs><li><a href="21989786-6d71-41ac-9983-ef27414496a3.htm">Docs</a></li><li><a href="83c28545-fafb-a65a-8cc5-eea6e06b50fc.htm">Avion</a></li></breadcrumbs><tocItems><li><a id="42e7841b-16c9-7e47-6f6b-601fcbf33a0e" class="has-submenu" href="42e7841b-16c9-7e47-6f6b-601fcbf33a0e.htm"><span data-tocFile="../toc/IDAC.xml" class="icon toggle" onclick="ToggleExpandCollapse(this); return false;"><i class="fa fa-angle-right"> </i></span>Program</a><ul class="toc-menu is-hidden"> </ul></li><li><a id="4128ec5f-20d9-145b-6d72-be135c901f22" class="has-submenu" href="4128ec5f-20d9-145b-6d72-be135c901f22.htm"><span data-tocFile="../toc/IDBC.xml" class="icon toggle" onclick="ToggleExpandCollapse(this); return false;"><i class="fa fa-angle-right"> </i></span>Program.<wbr />Avion</a><ul class="toc-menu is-hidden"> </ul></li></tocItems></toc>