﻿<?xml version="1.0" encoding="utf-8"?><toc><breadcrumbs><li><a href="21989786-6d71-41ac-9983-ef27414496a3.htm">Docs</a></li><li><a href="83c28545-fafb-a65a-8cc5-eea6e06b50fc.htm">Avion</a></li><li><a href="4128ec5f-20d9-145b-6d72-be135c901f22.htm">Program.<wbr />Avion</a></li><li><a href="e2f77649-23c2-46ba-c8c2-4b48e554b7ad.htm">Campos</a></li></breadcrumbs><tocItems><li><a id="6f1cf34d-4b2f-2654-f539-d7045efab908" href="6f1cf34d-4b2f-2654-f539-d7045efab908.htm">Altura</a></li><li><a id="f3f316e7-a7c3-d67d-da75-e15d40954c7e" href="f3f316e7-a7c3-d67d-da75-e15d40954c7e.htm">Combustible</a></li><li><a id="f5b08327-7b81-9e87-2b79-aeb3c114cb71" href="f5b08327-7b81-9e87-2b79-aeb3c114cb71.htm">Orientacion</a></li><li><a id="ec4d1ed6-55f9-a61e-2afa-bf260deb0b13" href="ec4d1ed6-55f9-a61e-2afa-bf260deb0b13.htm">Velocidad</a></li></tocItems></toc>