﻿<?xml version="1.0" encoding="utf-8"?><toc><breadcrumbs><li><a href="21989786-6d71-41ac-9983-ef27414496a3.htm">Docs</a></li></breadcrumbs><tocItems><li><a id="21989786-6d71-41ac-9983-ef27414496a3" href="21989786-6d71-41ac-9983-ef27414496a3.htm">Welcome to the [TODO: Add project name]</a></li><li><a id="c72a73c8-ff79-471b-8636-b77699c1b934" class="has-submenu" href="c72a73c8-ff79-471b-8636-b77699c1b934.htm"><span data-tocFile="../toc/IDB.xml" class="icon toggle" onclick="ToggleExpandCollapse(this); return false;"><i class="fa fa-angle-right"> </i></span>Version History</a><ul class="toc-menu is-hidden"> </ul></li><li><a id="83c28545-fafb-a65a-8cc5-eea6e06b50fc" class="has-submenu" href="83c28545-fafb-a65a-8cc5-eea6e06b50fc.htm"><span data-tocFile="../toc/IDC.xml" class="icon toggle" onclick="ToggleExpandCollapse(this); return false;"><i class="fa fa-angle-right"> </i></span>Avion</a><ul class="toc-menu is-hidden"> </ul></li></tocItems></toc>